x0,x1,x2,x3,x4,x5,x6,x7,x8,x9,x10,x11,x12,x13,x14,x15,x16,x17,x18,x19,x20,y0,y1,y2,y3,y4,y5,y6,y7,y8,y9,y10,y11,y12,y13,y14,y15,y16,y17,y18,y19,y20,label
0.0,-0.08380681276321411,-0.16602540016174316,-0.23676419258117676,-0.28842833638191223,-0.2208707332611084,-0.3379477560520172,-0.41089507937431335,-0.472892165184021,-0.20703232288360596,-0.3572254776954651,-0.44225484132766724,-0.5008063912391663,-0.18957024812698364,-0.3053417205810547,-0.2706012725830078,-0.2288820743560791,-0.16883891820907593,-0.25427448749542236,-0.22549670934677124,-0.1939321756362915,0.0,-0.0827653706073761,-0.10180008411407471,-0.07600483298301697,-0.029963523149490356,-0.15302996337413788,-0.1827288120985031,-0.21311183273792267,-0.23473051190376282,-0.09128740429878235,-0.01606285572052002,0.03513699769973755,0.07330083847045898,-0.009696125984191895,0.07307636737823486,0.0832858681678772,0.06216305494308472,0.06808626651763916,0.13313835859298706,0.13669127225875854,0.11108258366584778,Scissors
0.0,-0.08401268720626831,-0.16725605726242065,-0.235920250415802,-0.2832166254520416,-0.22274410724639893,-0.33908239006996155,-0.4098961353302002,-0.4682042896747589,-0.20975100994110107,-0.3525657653808594,-0.43250858783721924,-0.4880342185497284,-0.19127702713012695,-0.29600703716278076,-0.2617018222808838,-0.22270387411117554,-0.16874217987060547,-0.24715083837509155,-0.21936172246932983,-0.18936032056808472,0.0,-0.07978010177612305,-0.09638643264770508,-0.06767776608467102,-0.015263468027114868,-0.147910013794899,-0.1782412827014923,-0.20524969696998596,-0.22500136494636536,-0.08846238255500793,-0.013179421424865723,0.036503106355667114,0.07226482033729553,-0.010682433843612671,0.07540369033813477,0.0822305977344513,0.05966344475746155,0.0655733048915863,0.13024166226387024,0.1316702663898468,0.10584518313407898,Scissors
0.0,-0.07720962166786194,-0.12609589099884033,-0.1373070776462555,-0.12343364953994751,-0.15925344824790955,-0.22085505723953247,-0.26535776257514954,-0.30265945196151733,-0.12157189846038818,-0.13621088862419128,-0.13544127345085144,-0.13692188262939453,-0.06958794593811035,-0.06270503997802734,-0.045894742012023926,-0.03981989622116089,-0.012547671794891357,-0.011144578456878662,-0.0017304420471191406,-0.0002556443214416504,0.0,0.043750062584877014,0.13267551362514496,0.22185908257961273,0.2925676256418228,0.16010065376758575,0.26533450186252594,0.3313918262720108,0.3857416659593582,0.17733456194400787,0.35553063452243805,0.4539898782968521,0.5216275602579117,0.19311796128749847,0.34772635996341705,0.3195890337228775,0.27242858707904816,0.20096378028392792,0.3207608610391617,0.2939707785844803,0.2503761798143387,Scissors
0.0,-0.07698482275009155,-0.14778268337249756,-0.18591678142547607,-0.19805526733398438,-0.1975296437740326,-0.2963869273662567,-0.3609371781349182,-0.4129449129104614,-0.17125099897384644,-0.25806713104248047,-0.3014799654483795,-0.33672165870666504,-0.1321035623550415,-0.1907593011856079,-0.15605688095092773,-0.13219726085662842,-0.08702617883682251,-0.1357772946357727,-0.11216855049133301,-0.09710794687271118,0.0,-0.015537276864051819,0.019239425659179688,0.0837927758693695,0.14857715368270874,0.009265691041946411,0.04737982153892517,0.06692850589752197,0.08445638418197632,0.04132640361785889,0.1773345172405243,0.2646532952785492,0.32549306750297546,0.08500385284423828,0.218847393989563,0.2012833058834076,0.1591881513595581,0.12602639198303223,0.2344726324081421,0.21330973505973816,0.1699024736881256,Scissors
0.0,-0.05088222026824951,-0.1304118037223816,-0.19660425186157227,-0.24088802933692932,-0.17363744974136353,-0.25461268424987793,-0.3152143359184265,-0.3630076050758362,-0.1741977334022522,-0.28527525067329407,-0.35657715797424316,-0.40689098834991455,-0.16572338342666626,-0.2642240524291992,-0.23469462990760803,-0.19932174682617188,-0.14681607484817505,-0.218256413936615,-0.1952763795852661,-0.16493314504623413,0.0,-0.06418761610984802,-0.09399101138114929,-0.06453049182891846,-0.02068188786506653,-0.14538535475730896,-0.18758821487426758,-0.2216522991657257,-0.2439325451850891,-0.10866665840148926,-0.07249853014945984,-0.03525272011756897,-0.007799923419952393,-0.04443693161010742,0.028575986623764038,0.0593051016330719,0.05383801460266113,0.030773282051086426,0.0971117913722992,0.10793253779411316,0.0926714837551117,Scissors
0.0,-0.04023253917694092,-0.10291898250579834,-0.16837996244430542,-0.22192060947418213,-0.12655407190322876,-0.19409793615341187,-0.2368512749671936,-0.2751699686050415,-0.12760525941848755,-0.25348371267318726,-0.3397081792354584,-0.4032885432243347,-0.13444989919662476,-0.252278596162796,-0.2348473072052002,-0.20048129558563232,-0.13793188333511353,-0.22897982597351074,-0.20886677503585815,-0.1762344241142273,0.0,-0.10143479704856873,-0.16726714372634888,-0.18607831001281738,-0.182977557182312,-0.24359524250030518,-0.3348390758037567,-0.40298983454704285,-0.45617952942848206,-0.20109909772872925,-0.23463723063468933,-0.24396440386772156,-0.25055330991744995,-0.1290016770362854,-0.1260257065296173,-0.0828661322593689,-0.0717015266418457,-0.05029362440109253,-0.03616535663604736,-0.01129460334777832,-0.012039482593536377,Scissors
0.0,-0.004702627658843994,-0.05723381042480469,-0.12322568893432617,-0.17903658747673035,-0.058553993701934814,-0.11720788478851318,-0.15291666984558105,-0.18678700923919678,-0.08351391553878784,-0.18745243549346924,-0.2623860538005829,-0.31859952211380005,-0.11268508434295654,-0.19162172079086304,-0.18024036288261414,-0.1571250557899475,-0.13631194829940796,-0.18737316131591797,-0.16950368881225586,-0.14522135257720947,0.0,-0.11229634284973145,-0.1914544403553009,-0.22460094094276428,-0.22893327474594116,-0.2661632001399994,-0.37867891788482666,-0.4566633552312851,-0.5213260650634766,-0.22129297256469727,-0.3036963939666748,-0.3489955961704254,-0.3859558701515198,-0.1547744870185852,-0.20687618851661682,-0.19198092818260193,-0.18262118101119995,-0.08035063743591309,-0.11209404468536377,-0.10564529895782471,-0.10356646776199341,Scissors
0.0,-0.06798005104064941,-0.14858025312423706,-0.2094024419784546,-0.23980966210365295,-0.24323591589927673,-0.29134848713874817,-0.2562478482723236,-0.21817800402641296,-0.2486964464187622,-0.2778675854206085,-0.2374558448791504,-0.1963285207748413,-0.23843520879745483,-0.25682854652404785,-0.2164086401462555,-0.1784878373146057,-0.2265361249446869,-0.23330473899841309,-0.19807934761047363,-0.16821861267089844,0.0,-0.1099773645401001,-0.16364654898643494,-0.15859034657478333,-0.10822471976280212,-0.2183721661567688,-0.13544058799743652,-0.09601974487304688,-0.09201568365097046,-0.1509668529033661,-0.04312574863433838,-0.020694494247436523,-0.034413278102874756,-0.06367582082748413,0.026940345764160156,0.03681981563568115,0.013149499893188477,0.022964775562286377,0.09013521671295166,0.09272682666778564,0.07309591770172119,Rock
0.0,-0.06318289041519165,-0.13446646928787231,-0.1912633180618286,-0.22301751375198364,-0.22470179200172424,-0.27580198645591736,-0.246841698884964,-0.21301376819610596,-0.23552468419075012,-0.26470476388931274,-0.2284809648990631,-0.19592499732971191,-0.22890779376029968,-0.24581268429756165,-0.20898237824440002,-0.17865824699401855,-0.21817409992218018,-0.22265487909317017,-0.18743455410003662,-0.16170549392700195,0.0,-0.09964293241500854,-0.15461590886116028,-0.1609955132007599,-0.13318774104118347,-0.20657500624656677,-0.1244865357875824,-0.08927598595619202,-0.08265990018844604,-0.14572787284851074,-0.037686288356781006,-0.01719486713409424,-0.03046715259552002,-0.0668179988861084,0.028849363327026367,0.036122679710388184,0.010727405548095703,0.015375196933746338,0.08622878789901733,0.08825474977493286,0.06546419858932495,Rock
0.0,-0.05987364053726196,-0.13050061464309692,-0.1856505274772644,-0.2188606858253479,-0.22864177823066711,-0.28256455063819885,-0.2582400143146515,-0.22574171423912048,-0.2409360110759735,-0.27828776836395264,-0.24315336346626282,-0.2068488597869873,-0.23561006784439087,-0.2538594901561737,-0.21694767475128174,-0.18426477909088135,-0.22580453753471375,-0.22725600004196167,-0.19388741254806519,-0.16679108142852783,0.0,-0.10651025176048279,-0.1593570113182068,-0.16547489166259766,-0.13307198882102966,-0.205622136592865,-0.13450682163238525,-0.0929238498210907,-0.08085551857948303,-0.1493895947933197,-0.04486638307571411,-0.019559860229492188,-0.028706610202789307,-0.07183641195297241,0.026860713958740234,0.0390164852142334,0.017610907554626465,0.00813603401184082,0.08575570583343506,0.09104269742965698,0.07229018211364746,Rock
0.0,-0.07797300815582275,-0.1731451451778412,-0.23892316222190857,-0.28079479932785034,-0.26054778695106506,-0.34311339259147644,-0.30764007568359375,-0.26266470551490784,-0.28018441796302795,-0.3464301824569702,-0.3087128698825836,-0.26220256090164185,-0.27843520045280457,-0.32749855518341064,-0.28860199451446533,-0.24551555514335632,-0.2613469362258911,-0.281157910823822,-0.2428770661354065,-0.2081701159477234,0.0,-0.11605748534202576,-0.15871106088161469,-0.12908074259757996,-0.06493151187896729,-0.23343537747859955,-0.12019050121307373,-0.0642850399017334,-0.05788296461105347,-0.15783441066741943,-0.03734833002090454,0.011435091495513916,0.012636125087738037,-0.06028503179550171,0.045987069606781006,0.08663982152938843,0.08270743489265442,0.03896605968475342,0.13256430625915527,0.16085845232009888,0.15358006954193115,Rock
0.0,-0.0762752890586853,-0.16833454370498657,-0.23355379700660706,-0.27403244376182556,-0.2489626407623291,-0.33037516474723816,-0.30290061235427856,-0.2645169496536255,-0.2663474678993225,-0.3335696756839752,-0.2968883216381073,-0.2530978322029114,-0.26419615745544434,-0.3094840347766876,-0.2677469849586487,-0.22710919380187988,-0.24912071228027344,-0.26248133182525635,-0.2196960151195526,-0.18657374382019043,0.0,-0.09575843811035156,-0.132528156042099,-0.10509389638900757,-0.04663851857185364,-0.19063104689121246,-0.0843854546546936,-0.03667208552360535,-0.03352952003479004,-0.1251070499420166,-0.011244237422943115,0.02929016947746277,0.021356046199798584,-0.04127338528633118,0.06858444213867188,0.09580177068710327,0.0765334963798523,0.048267364501953125,0.14257091283798218,0.15736472606658936,0.13354134559631348,Rock
0.0,-0.07845145463943481,-0.16498219966888428,-0.22069600224494934,-0.25428158044815063,-0.23717442154884338,-0.31151077151298523,-0.29472994804382324,-0.26421597599983215,-0.25554198026657104,-0.30392107367515564,-0.2662885785102844,-0.22762691974639893,-0.25391003489494324,-0.27986839413642883,-0.23288923501968384,-0.19507825374603271,-0.24269261956214905,-0.24453359842300415,-0.19988441467285156,-0.17061057686805725,0.0,-0.0924869179725647,-0.12229248881340027,-0.08887442946434021,-0.02437928318977356,-0.15796813368797302,-0.04288589954376221,0.009146392345428467,0.020035088062286377,-0.10873502492904663,0.025372833013534546,0.06339412927627563,0.05597934126853943,-0.03747701644897461,0.08932965993881226,0.10996735095977783,0.08330494165420532,0.044460445642471313,0.14961832761764526,0.1611446738243103,0.13346588611602783,Rock
0.0,-0.04904913902282715,-0.13166633248329163,-0.19513612985610962,-0.23811593651771545,-0.21261242032051086,-0.30913448333740234,-0.29497191309928894,-0.26102256774902344,-0.23695221543312073,-0.3154580295085907,-0.2918179929256439,-0.2535019814968109,-0.242990642786026,-0.3040545880794525,-0.27519798278808594,-0.23590201139450073,-0.23676934838294983,-0.2657766044139862,-0.2357850968837738,-0.203060120344162,0.0,-0.1048470139503479,-0.1625523865222931,-0.15975236892700195,-0.11907482147216797,-0.20625203847885132,-0.16430121660232544,-0.11866390705108643,-0.10398033261299133,-0.14333096146583557,-0.08863037824630737,-0.05143117904663086,-0.04695534706115723,-0.061285048723220825,-0.006466537714004517,0.017002344131469727,0.011093318462371826,0.028655409812927246,0.08970040082931519,0.1017688512802124,0.09212911128997803,Rock
0.0,-0.02668917179107666,-0.08750021457672119,-0.13956409692764282,-0.18029123544692993,-0.15210947394371033,-0.19661006331443787,-0.17204031348228455,-0.1365930438041687,-0.19464892148971558,-0.2273079752922058,-0.19665378332138062,-0.15844407677650452,-0.22034069895744324,-0.23894035816192627,-0.20276936888694763,-0.1617209017276764,-0.23624148964881897,-0.2356722354888916,-0.20036983489990234,-0.16773805022239685,0.0,-0.12748044729232788,-0.1944379359483719,-0.20028355717658997,-0.17000439763069153,-0.2688722312450409,-0.23711420595645905,-0.1858348250389099,-0.15844127535820007,-0.21971888840198517,-0.16042262315750122,-0.11373165249824524,-0.10137459635734558,-0.1387130320072174,-0.07157516479492188,-0.03980565071105957,-0.03949093818664551,-0.04809367656707764,0.02892392873764038,0.0522991418838501,0.049736618995666504,Rock
0.0,0.004239976406097412,-0.034290194511413574,-0.076285719871521,-0.11674264073371887,-0.09140914678573608,-0.13978049159049988,-0.12035048007965088,-0.08921772241592407,-0.13948413729667664,-0.17607468366622925,-0.15248781442642212,-0.11865806579589844,-0.17549431324005127,-0.20213231444358826,-0.1749054491519928,-0.1386326253414154,-0.20172491669654846,-0.21515950560569763,-0.1869632601737976,-0.15685346722602844,0.0,-0.129319429397583,-0.21331587433815002,-0.2286200225353241,-0.20400092005729675,-0.2966324985027313,-0.26635076105594635,-0.2133026421070099,-0.17995283007621765,-0.24627940356731415,-0.1990407109260559,-0.152057945728302,-0.1264359951019287,-0.16942647099494934,-0.12363803386688232,-0.08779644966125488,-0.07268542051315308,-0.08816277980804443,-0.041415274143218994,-0.014397144317626953,-0.007199227809906006,Rock
0.0,0.042560577392578125,0.03193986415863037,-0.0044966936111450195,-0.04770857095718384,-0.0023958683013916016,-0.03875577449798584,-0.04111295938491821,-0.026971817016601562,-0.061650365591049194,-0.0940345823764801,-0.08941730856895447,-0.06843927502632141,-0.11392852663993835,-0.136818528175354,-0.12259629368782043,-0.09654131531715393,-0.15704435110092163,-0.1672825813293457,-0.1493213176727295,-0.12664443254470825,0.0,-0.11581766605377197,-0.20768636465072632,-0.24709658324718475,-0.24542440474033356,-0.2984038293361664,-0.2969304174184799,-0.24842368066310883,-0.20906269550323486,-0.2775450795888901,-0.2602683752775192,-0.2119946926832199,-0.17667609453201294,-0.22638775408267975,-0.2089078724384308,-0.1707960069179535,-0.14250755310058594,-0.16704094409942627,-0.14334729313850403,-0.11161816120147705,-0.09112218022346497,Rock
0.0,0.07566553354263306,0.08693188428878784,0.06827616691589355,0.03522622585296631,0.0750046968460083,0.04968619346618652,0.03691524267196655,0.039274752140045166,0.013867855072021484,-0.010407567024230957,-0.017195701599121094,-0.009946048259735107,-0.046268343925476074,-0.06387698650360107,-0.05987238883972168,-0.04795670509338379,-0.10048604011535645,-0.10992705821990967,-0.10145187377929688,-0.09023082256317139,0.0,-0.07505941390991211,-0.16403746604919434,-0.22765153646469116,-0.25114205479621887,-0.2855823040008545,-0.2939876317977905,-0.24658747017383575,-0.20506687462329865,-0.2995082885026932,-0.2882675528526306,-0.24107365310192108,-0.20137706398963928,-0.27557356655597687,-0.2632172107696533,-0.22254949808120728,-0.18576234579086304,-0.23823386430740356,-0.22236330807209015,-0.18797197937965393,-0.15682435035705566,Rock
0.0,-0.020953595638275146,-0.08739209175109863,-0.14582222700119019,-0.1687564253807068,-0.19246259331703186,-0.2992771863937378,-0.372772216796875,-0.42984700202941895,-0.21311858296394348,-0.34158772230148315,-0.41841921210289,-0.47037819027900696,-0.215146005153656,-0.3321297764778137,-0.40186184644699097,-0.4493093192577362,-0.1981900930404663,-0.28443068265914917,-0.33618083596229553,-0.3742457628250122,0.0,-0.10679328441619873,-0.1860683560371399,-0.2468496710062027,-0.30305832624435425,-0.1641680896282196,-0.19317148625850677,-0.2088034451007843,-0.21628150343894958,-0.09441378712654114,-0.07697343826293945,-0.057591527700424194,-0.043973058462142944,-0.014159739017486572,0.00818517804145813,0.02653774619102478,0.04159906506538391,0.06987258791923523,0.11087104678153992,0.13933244347572327,0.16173848509788513,Paper
0.0,-0.03990793228149414,-0.1084246039390564,-0.16514110565185547,-0.20148113369941711,-0.20547446608543396,-0.3089432418346405,-0.3769052028656006,-0.4290259778499603,-0.22992044687271118,-0.37108922004699707,-0.4520869851112366,-0.506396621465683,-0.23536577820777893,-0.367933452129364,-0.4493732154369354,-0.5095759630203247,-0.2196650207042694,-0.322815477848053,-0.3805761933326721,-0.42532965540885925,0.0,-0.11243590712547302,-0.18080660700798035,-0.23171347379684448,-0.2679986208677292,-0.17408356070518494,-0.2100551277399063,-0.2284604161977768,-0.23729033768177032,-0.1021154522895813,-0.09382763504981995,-0.07979264855384827,-0.06960922479629517,-0.018113374710083008,-0.002023845911026001,0.01061779260635376,0.019204407930374146,0.069451242685318,0.10362282395362854,0.12946787476539612,0.14879712462425232,Paper
0.0,-0.09236544370651245,-0.19095301628112793,-0.27393046021461487,-0.32679373025894165,-0.26795756816864014,-0.3985837399959564,-0.4775135666131973,-0.5389360189437866,-0.2589454650878906,-0.39844071865081787,-0.47772352397441864,-0.5296937525272369,-0.2297120988368988,-0.35344398021698,-0.4257938265800476,-0.47784173488616943,-0.18291902542114258,-0.2612408995628357,-0.2981298267841339,-0.3271201550960541,0.0,-0.0701526403427124,-0.08851611614227295,-0.10391265153884888,-0.13388267159461975,-0.04195156693458557,0.01061856746673584,0.043579667806625366,0.07031309604644775,0.027010053396224976,0.1522088646888733,0.23163306713104248,0.29190874099731445,0.10208910703659058,0.24004805088043213,0.3248615264892578,0.39109259843826294,0.17742186784744263,0.31324946880340576,0.39503681659698486,0.4596708416938782,Paper
0.0,-0.09974908828735352,-0.20592141151428223,-0.29486319422721863,-0.3523620367050171,-0.25252434611320496,-0.3577232360839844,-0.41622936725616455,-0.4594641476869583,-0.2164686620235443,-0.3118423819541931,-0.36172547936439514,-0.39154142141342163,-0.16283923387527466,-0.24440574645996094,-0.28589314222335815,-0.3156314194202423,-0.09575647115707397,-0.13481569290161133,-0.14905983209609985,-0.16302376985549927,0.0,-0.01958981156349182,0.009686961770057678,0.028967246413230896,0.013613536953926086,0.06746150553226471,0.19620458781719208,0.2792200595140457,0.342068687081337,0.10998053848743439,0.3061901479959488,0.4282961040735245,0.5154435783624649,0.15930821001529694,0.35443224012851715,0.474308505654335,0.5652589946985245,0.21132047474384308,0.3789220005273819,0.4763454347848892,0.5536325722932816,Paper
0.0,-0.10611122846603394,-0.20742136240005493,-0.28866398334503174,-0.34431135654449463,-0.23328709602355957,-0.3022199273109436,-0.3431012034416199,-0.37645792961120605,-0.19068783521652222,-0.25125256180763245,-0.2772190570831299,-0.29424160718917847,-0.13031744956970215,-0.17648005485534668,-0.19514313340187073,-0.2097717821598053,-0.058512747287750244,-0.06539767980575562,-0.06781309843063354,-0.07280802726745605,0.0,-0.0003425776958465576,0.053169116377830505,0.08754543960094452,0.08498753607273102,0.13280139863491058,0.2847147434949875,0.3816932886838913,0.4570688456296921,0.16485504806041718,0.36934833228588104,0.489047572016716,0.5729021281003952,0.19633199274539948,0.39038263261318207,0.5057892054319382,0.5915208905935287,0.22501777112483978,0.375239297747612,0.462580606341362,0.5329743474721909,Paper
0.0,-0.10184091329574585,-0.2188684344291687,-0.31316590309143066,-0.37140798568725586,-0.26857906579971313,-0.39568275213241577,-0.4684450626373291,-0.5240875482559204,-0.24187582731246948,-0.37470224499702454,-0.44312524795532227,-0.4865308403968811,-0.19988811016082764,-0.3133498430252075,-0.3707437515258789,-0.41318053007125854,-0.14495617151260376,-0.2144870162010193,-0.24590176343917847,-0.27306169271469116,0.0,-0.05459153652191162,-0.052068620920181274,-0.05251079797744751,-0.07983560860157013,-0.01680624485015869,0.07205870747566223,0.12803256511688232,0.17065995931625366,0.037528812885284424,0.19371676445007324,0.2940528988838196,0.3683651089668274,0.10360896587371826,0.26566988229751587,0.36425793170928955,0.43898850679397583,0.1755446195602417,0.32557326555252075,0.41377168893814087,0.4837297797203064,Paper
0.0,-0.08136224746704102,-0.18480205535888672,-0.26706281304359436,-0.3051028549671173,-0.2578468322753906,-0.3876713514328003,-0.46302419900894165,-0.5198848247528076,-0.2571864724159241,-0.4074147939682007,-0.4858361482620239,-0.5378708839416504,-0.243094801902771,-0.37572669982910156,-0.44929039478302,-0.5044660270214081,-0.21378225088119507,-0.307455837726593,-0.35482943058013916,-0.3948764204978943,0.0,-0.10307803750038147,-0.1472322791814804,-0.19002509117126465,-0.24534191191196442,-0.13869617879390717,-0.09892404079437256,-0.07141005992889404,-0.05112311244010925,-0.06597530841827393,0.02157112956047058,0.08227437734603882,0.12376818060874939,0.01902332901954651,0.12183061242103577,0.184146910905838,0.22846361994743347,0.1112968921661377,0.211618572473526,0.2755328118801117,0.32220903038978577,Paper
0.0,-0.0240401029586792,-0.09154850244522095,-0.14145112037658691,-0.15772145986557007,-0.1728529930114746,-0.27834904193878174,-0.35074490308761597,-0.4071904122829437,-0.19311988353729248,-0.3113994598388672,-0.3875685930252075,-0.4415510892868042,-0.20344451069831848,-0.30643230676651,-0.36694371700286865,-0.4098929464817047,-0.1994071900844574,-0.2779756188392639,-0.3212099075317383,-0.35473600029945374,0.0,-0.11251473426818848,-0.20725321769714355,-0.28433674573898315,-0.34636537730693817,-0.21119722723960876,-0.2421087622642517,-0.2575225532054901,-0.2665097415447235,-0.14467141032218933,-0.1528877317905426,-0.1445024609565735,-0.13758626580238342,-0.06067526340484619,-0.05461052060127258,-0.03808033466339111,-0.02520751953125,0.03400826454162598,0.05684006214141846,0.07650876045227051,0.08924990892410278,Paper
0.0,-0.0043860673904418945,-0.046187758445739746,-0.07384932041168213,-0.07920914888381958,-0.11722373962402344,-0.20661833882331848,-0.2689695358276367,-0.32082998752593994,-0.15017813444137573,-0.2661512494087219,-0.34276217222213745,-0.39991647005081177,-0.17393207550048828,-0.27881449460983276,-0.3472995162010193,-0.3978196978569031,-0.18581688404083252,-0.2686024010181427,-0.3189610242843628,-0.35851407051086426,0.0,-0.11819177865982056,-0.22740456461906433,-0.3178653419017792,-0.3835546225309372,-0.2569849193096161,-0.3254465013742447,-0.3657323569059372,-0.3956485092639923,-0.20119056105613708,-0.25470981001853943,-0.27319687604904175,-0.28527219593524933,-0.12174144387245178,-0.14824262261390686,-0.15759748220443726,-0.16788703203201294,-0.026066452264785767,-0.028917014598846436,-0.027102351188659668,-0.030046164989471436,Paper
0.0,0.010873675346374512,-0.017827093601226807,-0.03584885597229004,-0.032433390617370605,-0.09353035688400269,-0.16832071542739868,-0.21879568696022034,-0.2595224976539612,-0.13979846239089966,-0.2551006078720093,-0.32114848494529724,-0.36719053983688354,-0.1768796741962433,-0.29324328899383545,-0.36057132482528687,-0.4094909727573395,-0.19894352555274963,-0.29085439443588257,-0.3412259817123413,-0.3793976604938507,0.0,-0.12222176790237427,-0.2407577931880951,-0.33723875880241394,-0.4029739499092102,-0.2922554016113281,-0.3749418556690216,-0.42451120913028717,-0.4610162675380707,-0.2430666983127594,-0.32025904953479767,-0.351262629032135,-0.3687860667705536,-0.1678217053413391,-0.22413155436515808,-0.25195637345314026,-0.27035805583000183,-0.07561793923377991,-0.10461157560348511,-0.11080697178840637,-0.11531156301498413,Paper
0.0,-0.10958552360534668,-0.1473388969898224,-0.18821850419044495,-0.22353044152259827,-0.056305885314941406,-0.17158812284469604,-0.2261372208595276,-0.24096572399139404,-0.05316615104675293,-0.18081510066986084,-0.23492944240570068,-0.24120694398880005,-0.06835615634918213,-0.2014474868774414,-0.2428242564201355,-0.23279735445976257,-0.09871304035186768,-0.2057793140411377,-0.23633426427841187,-0.22705623507499695,0.0,-0.070931077003479,-0.16172268986701965,-0.213233083486557,-0.25647222995758057,-0.32549166679382324,-0.39368289709091187,-0.3378590941429138,-0.2651662230491638,-0.3277316093444824,-0.4064447730779648,-0.33221977949142456,-0.24828669428825378,-0.307087242603302,-0.39453983306884766,-0.3095214366912842,-0.2284705936908722,-0.2700594663619995,-0.3475929796695709,-0.2945748567581177,-0.22265255451202393,None
0.0,0.003992199897766113,-0.0309259295463562,-0.07640373706817627,-0.12227135896682739,-0.06028759479522705,-0.15158233046531677,-0.14597570896148682,-0.11785620450973511,-0.10311031341552734,-0.19488537311553955,-0.17824247479438782,-0.1412496268749237,-0.14493918418884277,-0.22444748878479004,-0.20204079151153564,-0.1614689826965332,-0.18320214748382568,-0.24231573939323425,-0.21810880303382874,-0.18156394362449646,0.0,-0.12504732608795166,-0.21728459000587463,-0.24297970533370972,-0.23114913702011108,-0.3190004825592041,-0.3029046058654785,-0.24677211046218872,-0.2127198874950409,-0.29862287640571594,-0.2484588623046875,-0.19542795419692993,-0.1751651167869568,-0.2502521574497223,-0.19424262642860413,-0.143182635307312,-0.13107076287269592,-0.1906203329563141,-0.13310116529464722,-0.08502265810966492,-0.07201707363128662,Rock
0.0,0.006252169609069824,-0.026955783367156982,-0.07121485471725464,-0.1167725920677185,-0.050713300704956055,-0.14077270030975342,-0.1299816370010376,-0.09704285860061646,-0.0925220251083374,-0.18036669492721558,-0.16213929653167725,-0.12437039613723755,-0.13473302125930786,-0.21258419752120972,-0.19100552797317505,-0.15079694986343384,-0.174818754196167,-0.23431676626205444,-0.21086055040359497,-0.17462760210037231,0.0,-0.12478521466255188,-0.21740517020225525,-0.24028462171554565,-0.23004016280174255,-0.32189391553401947,-0.29681357741355896,-0.23561295866966248,-0.19920611381530762,-0.30263423919677734,-0.25025632977485657,-0.1941891610622406,-0.17200353741645813,-0.2548941671848297,-0.19839802384376526,-0.14415243268013,-0.1307978630065918,-0.19644856452941895,-0.1402789056301117,-0.09167587757110596,-0.08027437329292297,Rock
0.0,-0.05503642559051514,-0.12836182117462158,-0.18207913637161255,-0.22348713874816895,-0.19473955035209656,-0.25979912281036377,-0.2344057559967041,-0.19738039374351501,-0.23389598727226257,-0.2763199210166931,-0.24634289741516113,-0.2100149691104889,-0.2544090747833252,-0.2819431722164154,-0.247808575630188,-0.211166650056839,-0.2640021741390228,-0.2774488925933838,-0.24024659395217896,-0.20721745491027832,0.0,-0.1417919099330902,-0.20674216747283936,-0.1977413296699524,-0.1533498466014862,-0.295949786901474,-0.2418115735054016,-0.18807363510131836,-0.1682707667350769,-0.23314645886421204,-0.16566166281700134,-0.12062662839889526,-0.11117768287658691,-0.14184880256652832,-0.07989907264709473,-0.046211302280426025,-0.04706937074661255,-0.04161858558654785,0.006933808326721191,0.029648125171661377,0.024461567401885986,Rock
0.0,-0.0785570740699768,-0.15894973278045654,-0.21051260828971863,-0.24396157264709473,-0.24772927165031433,-0.30000200867652893,-0.2648489475250244,-0.22682982683181763,-0.2723073661327362,-0.29988282918930054,-0.2610512375831604,-0.22241714596748352,-0.27302104234695435,-0.28483131527900696,-0.2444985806941986,-0.20784816145896912,-0.26266223192214966,-0.26437869668006897,-0.2235349416732788,-0.19088593125343323,0.0,-0.12232616543769836,-0.16008150577545166,-0.130374014377594,-0.07085457444190979,-0.2251623570919037,-0.14970150589942932,-0.1014355719089508,-0.09355798363685608,-0.15101924538612366,-0.06563767790794373,-0.031156539916992188,-0.03572285175323486,-0.055608153343200684,0.01978123188018799,0.041008174419403076,0.026028990745544434,0.042664945125579834,0.09627330303192139,0.10769295692443848,0.09162425994873047,Rock
0.0,-0.11006706953048706,-0.20762234926223755,-0.25542038679122925,-0.2735911011695862,-0.3013949692249298,-0.33034995198249817,-0.28084030747413635,-0.23915553092956543,-0.30474552512168884,-0.30904826521873474,-0.26059117913246155,-0.22266200184822083,-0.2805960774421692,-0.2741048038005829,-0.22670167684555054,-0.19548192620277405,-0.24422889947891235,-0.22755172848701477,-0.18377074599266052,-0.1584627628326416,0.0,-0.07248756289482117,-0.06510156393051147,-0.01224932074546814,0.06536319851875305,-0.08413520455360413,0.03957337141036987,0.06488701701164246,0.04907235503196716,-0.0073562562465667725,0.12109777331352234,0.1317850649356842,0.10332843661308289,0.07975342869758606,0.18712326884269714,0.18493661284446716,0.148447185754776,0.16141125559806824,0.2359747588634491,0.22698035836219788,0.19183453917503357,Rock
0.0,-0.05069392919540405,-0.12886250019073486,-0.1871170699596405,-0.22464704513549805,-0.22306066751480103,-0.26722773909568787,-0.23184597492218018,-0.19290509819984436,-0.25030961632728577,-0.2689250409603119,-0.2299935519695282,-0.1916404366493225,-0.2558722198009491,-0.2675480246543884,-0.22851037979125977,-0.18989112973213196,-0.24995553493499756,-0.25212809443473816,-0.21400368213653564,-0.18242666125297546,0.0,-0.12565919756889343,-0.19250506162643433,-0.18108245730400085,-0.1248847246170044,-0.23069658875465393,-0.1616760492324829,-0.12298375368118286,-0.11572903394699097,-0.1576429009437561,-0.07554230093955994,-0.047986775636672974,-0.04884767532348633,-0.06651154160499573,-0.00090789794921875,0.015177607536315918,0.007635235786437988,0.02318859100341797,0.06725525856018066,0.07629650831222534,0.06850135326385498,Rock
0.0,-0.035174429416656494,-0.0986429750919342,-0.15366339683532715,-0.19487515091896057,-0.18269973993301392,-0.25274142622947693,-0.22025474905967712,-0.1785239279270172,-0.21588551998138428,-0.26636096835136414,-0.22675734758377075,-0.18240994215011597,-0.23300880193710327,-0.26379555463790894,-0.2238692045211792,-0.18055176734924316,-0.24051648378372192,-0.2502362132072449,-0.2126467525959015,-0.18012022972106934,0.0,-0.13356366753578186,-0.21778666973114014,-0.2337513566017151,-0.204584002494812,-0.2836294174194336,-0.2317454218864441,-0.18312233686447144,-0.1643279492855072,-0.20952638983726501,-0.139479398727417,-0.10305953025817871,-0.09505948424339294,-0.11471617221832275,-0.0493471622467041,-0.02683544158935547,-0.028220832347869873,-0.019303202629089355,0.031852900981903076,0.048986732959747314,0.046643853187561035,Rock
0.0,-0.061442047357559204,-0.15607601404190063,-0.23020708560943604,-0.28261083364486694,-0.22603288292884827,-0.3440951108932495,-0.3177599459886551,-0.27402979135513306,-0.25553926825523376,-0.3733210861682892,-0.34316447377204895,-0.29775868356227875,-0.2696881592273712,-0.3944849818944931,-0.36447080969810486,-0.32083652913570404,-0.2663007974624634,-0.3773539513349533,-0.3610040098428726,-0.3247385174036026,0.0,-0.13320580124855042,-0.20625069737434387,-0.19876247644424438,-0.15050992369651794,-0.28498727083206177,-0.21231290698051453,-0.16249865293502808,-0.1577397882938385,-0.21508878469467163,-0.15095975995063782,-0.10369116067886353,-0.10239440202713013,-0.11902904510498047,-0.07887643575668335,-0.03639942407608032,-0.03529554605484009,-0.0055089592933654785,-0.0014101266860961914,0.019500732421875,0.024349212646484375,Rock
0.0,-0.054480552673339844,-0.13930350542068481,-0.20313599705696106,-0.24465495347976685,-0.2504865825176239,-0.31962457299232483,-0.2828008532524109,-0.23874542117118835,-0.2680095136165619,-0.30646049976348877,-0.2665141224861145,-0.223091721534729,-0.2640209496021271,-0.2926580607891083,-0.25446420907974243,-0.21114134788513184,-0.24995917081832886,-0.26702234148979187,-0.23214080929756165,-0.19724351167678833,0.0,-0.08611908555030823,-0.15182259678840637,-0.16966578364372253,-0.14073333144187927,-0.18154075741767883,-0.13759881258010864,-0.11061400175094604,-0.1111898124217987,-0.1444312334060669,-0.0800730288028717,-0.0636211633682251,-0.07004675269126892,-0.08936122059822083,-0.03288227319717407,-0.027535676956176758,-0.03848844766616821,-0.0312003493309021,0.014812231063842773,0.020528018474578857,0.016055405139923096,Rock
0.0,-0.044799089431762695,-0.12772181630134583,-0.19799834489822388,-0.2481011152267456,-0.19196537137031555,-0.2908281683921814,-0.3628390431404114,-0.41813884675502777,-0.20866864919662476,-0.339925080537796,-0.4204675406217575,-0.4753001928329468,-0.21173709630966187,-0.33975139260292053,-0.41936975717544556,-0.4779306948184967,-0.19876402616500854,-0.2962135970592499,-0.35469697415828705,-0.400761678814888,0.0,-0.09466367959976196,-0.14916303753852844,-0.17361655831336975,-0.17635110020637512,-0.15962105989456177,-0.1756506860256195,-0.18628302216529846,-0.1891859769821167,-0.09134683012962341,-0.06021896004676819,-0.03302159905433655,-0.010270148515701294,-0.00882747769355774,0.018525123596191406,0.03950336575508118,0.056900203227996826,0.08118933439254761,0.13527727127075195,0.17011839151382446,0.19517439603805542,Paper
0.0,-0.05820804834365845,-0.15225407481193542,-0.2301110327243805,-0.2809401750564575,-0.17974910140037537,-0.28388309478759766,-0.35397422313690186,-0.40621593594551086,-0.2043485939502716,-0.3479818105697632,-0.4296317994594574,-0.48427703976631165,-0.21658805012702942,-0.35290414094924927,-0.4314728379249573,-0.49036705493927,-0.21412023901939392,-0.3141441345214844,-0.36754119396209717,-0.40951843559741974,0.0,-0.1140708327293396,-0.16650420427322388,-0.15773218870162964,-0.11308422684669495,-0.19977299869060516,-0.22564971446990967,-0.2350759208202362,-0.23411870002746582,-0.13993439078330994,-0.1284731924533844,-0.11249157786369324,-0.0954919159412384,-0.06284791231155396,-0.04344794154167175,-0.029854148626327515,-0.02025061845779419,0.024540960788726807,0.06580948829650879,0.09694188833236694,0.12061822414398193,Paper
0.0,-0.057295382022857666,-0.14934104681015015,-0.22941523790359497,-0.2813352942466736,-0.17714887857437134,-0.27759143710136414,-0.345399409532547,-0.3935512453317642,-0.19728660583496094,-0.3420911431312561,-0.4238849878311157,-0.4785691201686859,-0.2052629292011261,-0.34435969591140747,-0.4236600995063782,-0.4839925467967987,-0.20023837685585022,-0.30143192410469055,-0.35268858075141907,-0.3946196287870407,0.0,-0.1034260094165802,-0.15538355708122253,-0.14845699071884155,-0.10968023538589478,-0.1837705671787262,-0.20439757406711578,-0.20335742831230164,-0.19159305095672607,-0.12134110927581787,-0.10764098167419434,-0.09175941348075867,-0.07120746374130249,-0.04073759913444519,-0.010519981384277344,0.010440170764923096,0.0263059139251709,0.050318747758865356,0.10131672024726868,0.13962629437446594,0.168910950422287,Paper
0.0,-0.0718960165977478,-0.15977418422698975,-0.22362908720970154,-0.267276793718338,-0.23617970943450928,-0.36082184314727783,-0.438732385635376,-0.4953188896179199,-0.23551687598228455,-0.39198553562164307,-0.4745464324951172,-0.5260171592235565,-0.22296005487442017,-0.35891294479370117,-0.43419086933135986,-0.48582497239112854,-0.195824533700943,-0.28741538524627686,-0.33555495738983154,-0.3727343678474426,0.0,-0.10305929183959961,-0.16307422518730164,-0.21116045117378235,-0.24629230797290802,-0.16050094366073608,-0.14892271161079407,-0.12564599514007568,-0.10715183615684509,-0.09181419014930725,-0.006138473749160767,0.049318552017211914,0.08653128147125244,-0.005315035581588745,0.09130340814590454,0.14544695615768433,0.18359112739562988,0.08747345209121704,0.18129903078079224,0.24013155698776245,0.28356415033340454,Paper
0.0,-0.08949387073516846,-0.19430267810821533,-0.27530771493911743,-0.3256552815437317,-0.2662416398525238,-0.4036690890789032,-0.4790259599685669,-0.531321108341217,-0.25579679012298584,-0.40726661682128906,-0.4856722056865692,-0.5353215038776398,-0.2306758165359497,-0.3652254641056061,-0.43665841221809387,-0.488813191652298,-0.19261395931243896,-0.28432536125183105,-0.3291063904762268,-0.3659798502922058,0.0,-0.08383631706237793,-0.12577521800994873,-0.16043108701705933,-0.20022419095039368,-0.11740633845329285,-0.06735849380493164,-0.01811954379081726,0.025552600622177124,-0.050881415605545044,0.06951496005058289,0.1543978750705719,0.21783998608589172,0.032390326261520386,0.1623707115650177,0.24307075142860413,0.30482837557792664,0.12296077609062195,0.25277653336524963,0.3324289619922638,0.39326992630958557,Paper
0.0,-0.08838129043579102,-0.20011359453201294,-0.28993719816207886,-0.33870089054107666,-0.2656470537185669,-0.3995538651943207,-0.4705236554145813,-0.5169888138771057,-0.2484644651412964,-0.3998178243637085,-0.474784791469574,-0.5185490548610687,-0.21846705675125122,-0.3516014814376831,-0.42179983854293823,-0.4717646837234497,-0.17695283889770508,-0.267461895942688,-0.31161606311798096,-0.3491761088371277,0.0,-0.08065265417098999,-0.11479264497756958,-0.15231937170028687,-0.2063242793083191,-0.11268001794815063,-0.048029541969299316,0.014322072267532349,0.0644487738609314,-0.05075418949127197,0.08625566959381104,0.1799033284187317,0.24518966674804688,0.0304182767868042,0.17246651649475098,0.2610781192779541,0.32457756996154785,0.12199115753173828,0.2514917850494385,0.33079516887664795,0.38872963190078735,Paper
0.0,-0.054078102111816406,-0.13621342182159424,-0.20283818244934082,-0.25125616788864136,-0.20462393760681152,-0.3332730233669281,-0.4204443693161011,-0.48564523458480835,-0.21432846784591675,-0.38484734296798706,-0.4849383234977722,-0.5484055578708649,-0.21344298124313354,-0.36652639508247375,-0.4557318091392517,-0.516025185585022,-0.20019394159317017,-0.3082691729068756,-0.3677675127983093,-0.4146680235862732,0.0,-0.11479875445365906,-0.19031664729118347,-0.24580325186252594,-0.2797529250383377,-0.20412573218345642,-0.24498724937438965,-0.2494065761566162,-0.248127281665802,-0.13648486137390137,-0.11530402302742004,-0.08925393223762512,-0.06718429923057556,-0.04415160417556763,0.006951510906219482,0.04507908225059509,0.07296368479728699,0.05829319357872009,0.12351921200752258,0.16907623410224915,0.20140430331230164,Paper
0.0,-0.020823776721954346,-0.07794696092605591,-0.12225896120071411,-0.15018188953399658,-0.14519089460372925,-0.24959611892700195,-0.32301297783851624,-0.3811599612236023,-0.17280817031860352,-0.2999057173728943,-0.3925694227218628,-0.4635467529296875,-0.1867908239364624,-0.29475247859954834,-0.36639654636383057,-0.4184587895870209,-0.18717974424362183,-0.2758582830429077,-0.3269161283969879,-0.37170839309692383,0.0,-0.1152077317237854,-0.22020208835601807,-0.304135262966156,-0.36982153356075287,-0.23311561346054077,-0.31650233268737793,-0.3646584153175354,-0.40282079577445984,-0.17126336693763733,-0.2351265251636505,-0.27679845690727234,-0.3083752393722534,-0.08712565898895264,-0.10998088121414185,-0.11049723625183105,-0.1113818883895874,0.008430838584899902,0.007144927978515625,0.013120293617248535,0.01678788661956787,Paper
0.0,0.0033335089683532715,-0.030932068824768066,-0.057256221771240234,-0.07088810205459595,-0.09875732660293579,-0.17982155084609985,-0.23716890811920166,-0.28153908252716064,-0.1490345001220703,-0.2626035809516907,-0.33849436044692993,-0.392783522605896,-0.18787550926208496,-0.311725378036499,-0.39596664905548096,-0.4570608139038086,-0.21043014526367188,-0.31631696224212646,-0.3799246549606323,-0.43151235580444336,0.0,-0.12763071060180664,-0.2451220154762268,-0.3448060154914856,-0.4173837900161743,-0.2820828855037689,-0.4048488140106201,-0.47553399205207825,-0.532070517539978,-0.23514404892921448,-0.3593553602695465,-0.4348108768463135,-0.48929744958877563,-0.15925514698028564,-0.24485832452774048,-0.29360711574554443,-0.32911568880081177,-0.06296664476394653,-0.1006021499633789,-0.1151268482208252,-0.1286768913269043,Paper
0.0,0.05967068672180176,0.07674664258956909,0.0819970965385437,0.08974206447601318,0.006247401237487793,-0.014186441898345947,-0.026310741901397705,-0.037187159061431885,-0.05517095327377319,-0.08538621664047241,-0.1071367859840393,-0.12432974576950073,-0.11096322536468506,-0.16742923855781555,-0.20655709505081177,-0.23542004823684692,-0.15738949179649353,-0.22509035468101501,-0.26637351512908936,-0.2991955578327179,0.0,-0.08360368013381958,-0.19825530052185059,-0.29753226041793823,-0.37397557497024536,-0.2958464026451111,-0.4190239906311035,-0.5017459690570831,-0.5645885169506073,-0.28855615854263306,-0.4337384104728699,-0.5291944444179535,-0.6037224531173706,-0.24849861860275269,-0.38036665320396423,-0.4623129069805145,-0.5269595384597778,-0.17822128534317017,-0.2641483545303345,-0.31808775663375854,-0.3659876585006714,Paper
0.0,-0.08270221948623657,-0.18293946981430054,-0.25555717945098877,-0.3041677474975586,-0.23380392789840698,-0.34357258677482605,-0.40723076462745667,-0.45680493116378784,-0.24506700038909912,-0.386252224445343,-0.4618358314037323,-0.516775518655777,-0.2413235902786255,-0.33764415979385376,-0.3007580041885376,-0.26149803400039673,-0.22493427991867065,-0.2921525239944458,-0.2634935975074768,-0.23060977458953857,0.0,-0.1032710075378418,-0.1292230486869812,-0.09070932865142822,-0.030450522899627686,-0.17196008563041687,-0.24636051058769226,-0.29604068398475647,-0.33608734607696533,-0.10139608383178711,-0.0402834415435791,0.00894927978515625,0.03831768035888672,-0.022364377975463867,0.03652530908584595,0.05048602819442749,0.047621846199035645,0.055409789085388184,0.09605801105499268,0.104500412940979,0.09731841087341309,Scissors
0.0,-0.08610600233078003,-0.1889769434928894,-0.25819724798202515,-0.29928821325302124,-0.24002200365066528,-0.3567454516887665,-0.42682474851608276,-0.48182833194732666,-0.24284136295318604,-0.3807111084461212,-0.4595416486263275,-0.5185212194919586,-0.2295657992362976,-0.33438706398010254,-0.29898619651794434,-0.2609144449234009,-0.20404160022735596,-0.2807827591896057,-0.2552528977394104,-0.22420382499694824,0.0,-0.09264171123504639,-0.1072537899017334,-0.0598260760307312,0.003092348575592041,-0.13999783992767334,-0.19357800483703613,-0.23167437314987183,-0.26301127672195435,-0.0673288106918335,0.0009441971778869629,0.053169965744018555,0.08792579174041748,0.012209534645080566,0.07634115219116211,0.07531410455703735,0.06042051315307617,0.08858078718185425,0.1387540102005005,0.1305922269821167,0.10751837491989136,Scissors
0.0,-0.06337320804595947,-0.15550702810287476,-0.23478376865386963,-0.28578829765319824,-0.1944231390953064,-0.2966179847717285,-0.35526084899902344,-0.3991144299507141,-0.20259106159210205,-0.3474915027618408,-0.44012513756752014,-0.5066016316413879,-0.20288866758346558,-0.32653146982192993,-0.29320836067199707,-0.2510242462158203,-0.19087845087051392,-0.2829363942146301,-0.2548113465309143,-0.21953225135803223,0.0,-0.10769659280776978,-0.15559536218643188,-0.11614930629730225,-0.062440335750579834,-0.20907926559448242,-0.30997058749198914,-0.3820275664329529,-0.44180676341056824,-0.14874285459518433,-0.16426193714141846,-0.16529113054275513,-0.16660699248313904,-0.06941491365432739,-0.037378549575805664,-0.006593763828277588,-0.005388736724853516,0.013326048851013184,0.05076509714126587,0.06275534629821777,0.05117952823638916,Scissors
0.0,-0.04364269971847534,-0.1274976134300232,-0.2018173336982727,-0.25531262159347534,-0.15912741422653198,-0.234991192817688,-0.28274664282798767,-0.31914862990379333,-0.17818957567214966,-0.3140326738357544,-0.3994922935962677,-0.45894455909729004,-0.18787086009979248,-0.3049888610839844,-0.27834171056747437,-0.23907268047332764,-0.18402069807052612,-0.26565760374069214,-0.2409043312072754,-0.2060367465019226,0.0,-0.11961138248443604,-0.18574774265289307,-0.15673625469207764,-0.10362178087234497,-0.23519831895828247,-0.3474873900413513,-0.4254050850868225,-0.49013373255729675,-0.17414933443069458,-0.19860422611236572,-0.19897329807281494,-0.2078699767589569,-0.09348797798156738,-0.08056497573852539,-0.037152886390686035,-0.02192586660385132,-0.00511401891708374,0.017268478870391846,0.03877747058868408,0.03774493932723999,Scissors
0.0,0.015749692916870117,-0.021908938884735107,-0.08225655555725098,-0.1337088644504547,-0.028961241245269775,-0.06534671783447266,-0.08885115385055542,-0.111490398645401,-0.08259320259094238,-0.17062440514564514,-0.23492735624313354,-0.28829824924468994,-0.12755295634269714,-0.18991506099700928,-0.15743476152420044,-0.12100329995155334,-0.15962210297584534,-0.19428151845932007,-0.16551965475082397,-0.1371358335018158,0.0,-0.1116819977760315,-0.2155415415763855,-0.2658349871635437,-0.2832527160644531,-0.2590109705924988,-0.40211087465286255,-0.49842315912246704,-0.5672897696495056,-0.22373491525650024,-0.3477364182472229,-0.42271941900253296,-0.47894060611724854,-0.1652134656906128,-0.23314827680587769,-0.20361268520355225,-0.17341315746307373,-0.09300309419631958,-0.13849031925201416,-0.119870126247406,-0.10256928205490112,Scissors
0.0,-0.010073065757751465,-0.06814122200012207,-0.13781088590621948,-0.19698143005371094,-0.08368504047393799,-0.14243358373641968,-0.17681825160980225,-0.20169371366500854,-0.12502598762512207,-0.23971766233444214,-0.3163217008113861,-0.36908677220344543,-0.16172242164611816,-0.2568471431732178,-0.23516976833343506,-0.20304203033447266,-0.18475836515426636,-0.24297469854354858,-0.2221217155456543,-0.19589108228683472,0.0,-0.12606269121170044,-0.2236207127571106,-0.24915581941604614,-0.2380867600440979,-0.284479558467865,-0.4230729043483734,-0.5126867294311523,-0.5823033452033997,-0.23425698280334473,-0.32296526432037354,-0.3742871880531311,-0.4133247137069702,-0.16566425561904907,-0.22762715816497803,-0.19700247049331665,-0.1703917384147644,-0.08810746669769287,-0.13046252727508545,-0.11434221267700195,-0.10014611482620239,Scissors
0.0,-0.05002838373184204,-0.13965469598770142,-0.21432417631149292,-0.27175527811050415,-0.16341733932495117,-0.2751854658126831,-0.34694144129753113,-0.4056802988052368,-0.17594945430755615,-0.3241264224052429,-0.41324949264526367,-0.479952335357666,-0.18195074796676636,-0.3037824332714081,-0.2751469016075134,-0.23740309476852417,-0.18035805225372314,-0.26446282863616943,-0.23906296491622925,-0.20442360639572144,0.0,-0.11599189043045044,-0.18377470970153809,-0.16931861639022827,-0.12882238626480103,-0.2485678791999817,-0.3091840147972107,-0.3512226641178131,-0.38542211055755615,-0.1868574023246765,-0.1895090937614441,-0.17677462100982666,-0.17541372776031494,-0.10672891139984131,-0.09261846542358398,-0.05967646837234497,-0.053418636322021484,-0.016415417194366455,-0.0008475780487060547,0.01459115743637085,0.01039886474609375,Scissors
0.0,-0.062200963497161865,-0.15369707345962524,-0.22726339101791382,-0.281160831451416,-0.18709516525268555,-0.3004109263420105,-0.37139004468917847,-0.4310968816280365,-0.20013517141342163,-0.3494871258735657,-0.4346913695335388,-0.4991840422153473,-0.20362776517868042,-0.3187057673931122,-0.2857200503349304,-0.24796289205551147,-0.1975499391555786,-0.2767888307571411,-0.2500697374343872,-0.2173091173171997,0.0,-0.1089368462562561,-0.16058433055877686,-0.1406717300415039,-0.09068763256072998,-0.2304651141166687,-0.2900383472442627,-0.32702499628067017,-0.35668933391571045,-0.16560858488082886,-0.14258122444152832,-0.11451143026351929,-0.09929037094116211,-0.08634144067764282,-0.050299108028411865,-0.024947822093963623,-0.02148449420928955,-0.002490997314453125,0.02708202600479126,0.039006948471069336,0.032282888889312744,Scissors
0.0,-0.08853840827941895,-0.19276756048202515,-0.2656118869781494,-0.31141000986099243,-0.2433861494064331,-0.36699378490448,-0.44254279136657715,-0.5066142678260803,-0.23964041471481323,-0.37724655866622925,-0.4482070505619049,-0.5036773383617401,-0.22216981649398804,-0.3297736644744873,-0.28737354278564453,-0.24733638763427734,-0.19487160444259644,-0.26974546909332275,-0.23861300945281982,-0.20633792877197266,0.0,-0.08302760124206543,-0.09812700748443604,-0.05139815807342529,0.010641336441040039,-0.1535746157169342,-0.16436296701431274,-0.17512118816375732,-0.18544495105743408,-0.09296965599060059,-0.009188294410705566,0.056414902210235596,0.09737688302993774,-0.01947653293609619,0.06529653072357178,0.07298409938812256,0.05159151554107666,0.05822014808654785,0.12883925437927246,0.1279059648513794,0.09859609603881836,Scissors
0.0,-0.09879183769226074,-0.20350873470306396,-0.27256321907043457,-0.308862566947937,-0.2727431654930115,-0.3950284719467163,-0.471879780292511,-0.538329541683197,-0.24681496620178223,-0.36576664447784424,-0.42498570680618286,-0.4739721417427063,-0.20598691701889038,-0.27881497144699097,-0.23177188634872437,-0.19804590940475464,-0.1587722897529602,-0.21161043643951416,-0.17909663915634155,-0.15467137098312378,0.0,-0.042798757553100586,-0.0027631521224975586,0.08499208092689514,0.16349360346794128,-0.03478333353996277,0.013940960168838501,0.040246784687042236,0.06519442796707153,0.0003942549228668213,0.16352954506874084,0.2674950063228607,0.3399489223957062,0.050057828426361084,0.21360346674919128,0.2076047956943512,0.16742601990699768,0.10245433449745178,0.23814436793327332,0.22791334986686707,0.18198922276496887,Scissors
0.0,-0.09868073463439941,-0.19442832469940186,-0.25238102674484253,-0.276918888092041,-0.25964754819869995,-0.3678496778011322,-0.4357414245605469,-0.49366551637649536,-0.23442387580871582,-0.3276126980781555,-0.369670033454895,-0.404849112033844,-0.1921038031578064,-0.24542218446731567,-0.19847512245178223,-0.16782528162002563,-0.14067775011062622,-0.17802178859710693,-0.14701521396636963,-0.12530016899108887,0.0,-0.03762322664260864,0.007560074329376221,0.09165537357330322,0.17542925477027893,-0.004577428102493286,0.06685766577720642,0.10451111197471619,0.13540449738502502,0.026986390352249146,0.2041405737400055,0.3106870949268341,0.3858533203601837,0.06851956248283386,0.25332048535346985,0.24197134375572205,0.19598433375358582,0.11319562792778015,0.2576657235622406,0.24362114071846008,0.1943245232105255,Scissors
0.0,-0.10343301296234131,-0.192704975605011,-0.24159175157546997,-0.2590638995170593,-0.26193177700042725,-0.36958450078964233,-0.4338461756706238,-0.4889349341392517,-0.23557668924331665,-0.3181398808956146,-0.3504805564880371,-0.38015684485435486,-0.19285893440246582,-0.2323923110961914,-0.18594807386398315,-0.16079223155975342,-0.14171600341796875,-0.16404712200164795,-0.1344779133796692,-0.11826014518737793,0.0,-0.021162599325180054,0.03366738557815552,0.12499997019767761,0.21474504470825195,0.0267331600189209,0.11389976739883423,0.16016113758087158,0.20117264986038208,0.05593770742416382,0.24180805683135986,0.35487091541290283,0.43594658374786377,0.09119012951850891,0.27155977487564087,0.25510621070861816,0.20629596710205078,0.12906837463378906,0.26923155784606934,0.2537776231765747,0.20586830377578735,Scissors
0.0,-0.09336835145950317,-0.18879234790802002,-0.25465065240859985,-0.29176706075668335,-0.2611933946609497,-0.37984439730644226,-0.45395535230636597,-0.5164816379547119,-0.2406354546546936,-0.35709381103515625,-0.41514599323272705,-0.4625456929206848,-0.20556968450546265,-0.27699923515319824,-0.22847247123718262,-0.19388335943222046,-0.16213136911392212,-0.21038854122161865,-0.17569857835769653,-0.15128344297409058,0.0,-0.03730243444442749,-0.00850650668144226,0.0664447546005249,0.13929611444473267,-0.03577163815498352,-0.021950483322143555,-0.020302802324295044,-0.018777281045913696,-0.0003266334533691406,0.14214026927947998,0.2314164638519287,0.2906584143638611,0.04695215821266174,0.1957346796989441,0.1898978352546692,0.15142911672592163,0.09625667333602905,0.2214806079864502,0.21159356832504272,0.16927212476730347,Scissors
